,STATE,EMPTOT,post_treatment,time,treatment_period,group,unit
0,Pennsylvania,40.5,False,1_Pre,0,0,Pennsylvania
1,Pennsylvania,13.75,False,1_Pre,0,0,Pennsylvania
2,Pennsylvania,8.5,False,1_Pre,0,0,Pennsylvania
3,Pennsylvania,34.0,False,1_Pre,0,0,Pennsylvania
4,Pennsylvania,24.0,False,1_Pre,0,0,Pennsylvania
5,Pennsylvania,20.5,False,1_Pre,0,0,Pennsylvania
6,Pennsylvania,70.5,False,1_Pre,0,0,Pennsylvania
7,Pennsylvania,23.5,False,1_Pre,0,0,Pennsylvania
8,Pennsylvania,11.0,False,1_Pre,0,0,Pennsylvania
9,Pennsylvania,9.0,False,1_Pre,0,0,Pennsylvania
10,Pennsylvania,15.5,False,1_Pre,0,0,Pennsylvania
11,Pennsylvania,58.0,False,1_Pre,0,0,Pennsylvania
12,Pennsylvania,26.5,False,1_Pre,0,0,Pennsylvania
13,Pennsylvania,28.5,False,1_Pre,0,0,Pennsylvania
14,Pennsylvania,13.5,False,1_Pre,0,0,Pennsylvania
15,Pennsylvania,16.75,False,1_Pre,0,0,Pennsylvania
16,Pennsylvania,9.5,False,1_Pre,0,0,Pennsylvania
17,Pennsylvania,15.0,False,1_Pre,0,0,Pennsylvania
18,Pennsylvania,29.5,False,1_Pre,0,0,Pennsylvania
19,Pennsylvania,18.5,False,1_Pre,0,0,Pennsylvania
20,Pennsylvania,20.25,False,1_Pre,0,0,Pennsylvania
21,Pennsylvania,36.0,False,1_Pre,0,0,Pennsylvania
22,Pennsylvania,21.0,False,1_Pre,0,0,Pennsylvania
23,Pennsylvania,20.5,False,1_Pre,0,0,Pennsylvania
24,Pennsylvania,19.0,False,1_Pre,0,0,Pennsylvania
25,Pennsylvania,14.0,False,1_Pre,0,0,Pennsylvania
26,Pennsylvania,19.0,False,1_Pre,0,0,Pennsylvania
27,Pennsylvania,32.5,False,1_Pre,0,0,Pennsylvania
28,Pennsylvania,19.0,False,1_Pre,0,0,Pennsylvania
29,Pennsylvania,27.0,False,1_Pre,0,0,Pennsylvania
30,Pennsylvania,19.5,False,1_Pre,0,0,Pennsylvania
31,Pennsylvania,24.0,False,1_Pre,0,0,Pennsylvania
32,Pennsylvania,18.0,False,1_Pre,0,0,Pennsylvania
33,Pennsylvania,,False,1_Pre,0,0,Pennsylvania
34,Pennsylvania,19.0,False,1_Pre,0,0,Pennsylvania
35,Pennsylvania,14.0,False,1_Pre,0,0,Pennsylvania
36,Pennsylvania,10.5,False,1_Pre,0,0,Pennsylvania
37,Pennsylvania,38.0,False,1_Pre,0,0,Pennsylvania
38,Pennsylvania,23.5,False,1_Pre,0,0,Pennsylvania
39,Pennsylvania,10.5,False,1_Pre,0,0,Pennsylvania
40,Pennsylvania,25.0,False,1_Pre,0,0,Pennsylvania
41,Pennsylvania,11.0,False,1_Pre,0,0,Pennsylvania
42,Pennsylvania,36.5,False,1_Pre,0,0,Pennsylvania
43,Pennsylvania,52.5,False,1_Pre,0,0,Pennsylvania
44,Pennsylvania,29.0,False,1_Pre,0,0,Pennsylvania
45,Pennsylvania,45.0,False,1_Pre,0,0,Pennsylvania
46,Pennsylvania,22.75,False,1_Pre,0,0,Pennsylvania
47,Pennsylvania,7.5,False,1_Pre,0,0,Pennsylvania
48,Pennsylvania,15.5,False,1_Pre,0,0,Pennsylvania
49,Pennsylvania,38.0,False,1_Pre,0,0,Pennsylvania
50,Pennsylvania,17.5,False,1_Pre,0,0,Pennsylvania
51,Pennsylvania,25.0,False,1_Pre,0,0,Pennsylvania
52,Pennsylvania,,False,1_Pre,0,0,Pennsylvania
53,Pennsylvania,21.0,False,1_Pre,0,0,Pennsylvania
54,Pennsylvania,15.5,False,1_Pre,0,0,Pennsylvania
55,Pennsylvania,15.5,False,1_Pre,0,0,Pennsylvania
56,Pennsylvania,8.5,False,1_Pre,0,0,Pennsylvania
57,Pennsylvania,18.0,False,1_Pre,0,0,Pennsylvania
58,Pennsylvania,20.75,False,1_Pre,0,0,Pennsylvania
59,Pennsylvania,39.0,False,1_Pre,0,0,Pennsylvania
60,Pennsylvania,41.5,False,1_Pre,0,0,Pennsylvania
61,Pennsylvania,22.5,False,1_Pre,0,0,Pennsylvania
62,Pennsylvania,32.0,False,1_Pre,0,0,Pennsylvania
63,Pennsylvania,24.0,False,1_Pre,0,0,Pennsylvania
64,Pennsylvania,26.0,False,1_Pre,0,0,Pennsylvania
65,Pennsylvania,48.5,False,1_Pre,0,0,Pennsylvania
66,Pennsylvania,8.5,False,1_Pre,0,0,Pennsylvania
67,Pennsylvania,18.5,False,1_Pre,0,0,Pennsylvania
68,Pennsylvania,13.0,False,1_Pre,0,0,Pennsylvania
69,Pennsylvania,22.5,False,1_Pre,0,0,Pennsylvania
70,Pennsylvania,28.0,False,1_Pre,0,0,Pennsylvania
71,Pennsylvania,24.5,False,1_Pre,0,0,Pennsylvania
72,Pennsylvania,18.5,False,1_Pre,0,0,Pennsylvania
73,Pennsylvania,23.5,False,1_Pre,0,0,Pennsylvania
74,Pennsylvania,15.0,False,1_Pre,0,0,Pennsylvania
75,Pennsylvania,18.0,False,1_Pre,0,0,Pennsylvania
76,Pennsylvania,20.25,False,1_Pre,0,0,Pennsylvania
77,Pennsylvania,15.5,False,1_Pre,0,0,Pennsylvania
78,Pennsylvania,21.0,False,1_Pre,0,0,Pennsylvania
79,New Jersey,15.0,False,1_Pre,0,1,New Jersey
80,New Jersey,15.0,False,1_Pre,0,1,New Jersey
81,New Jersey,24.0,False,1_Pre,0,1,New Jersey
82,New Jersey,19.25,False,1_Pre,0,1,New Jersey
83,New Jersey,21.5,False,1_Pre,0,1,New Jersey
84,New Jersey,9.5,False,1_Pre,0,1,New Jersey
85,New Jersey,44.0,False,1_Pre,0,1,New Jersey
86,New Jersey,,False,1_Pre,0,1,New Jersey
87,New Jersey,21.0,False,1_Pre,0,1,New Jersey
88,New Jersey,28.0,False,1_Pre,0,1,New Jersey
89,New Jersey,10.0,False,1_Pre,0,1,New Jersey
90,New Jersey,20.5,False,1_Pre,0,1,New Jersey
91,New Jersey,25.5,False,1_Pre,0,1,New Jersey
92,New Jersey,19.0,False,1_Pre,0,1,New Jersey
93,New Jersey,16.5,False,1_Pre,0,1,New Jersey
94,New Jersey,17.0,False,1_Pre,0,1,New Jersey
95,New Jersey,27.5,False,1_Pre,0,1,New Jersey
96,New Jersey,5.0,False,1_Pre,0,1,New Jersey
97,New Jersey,16.0,False,1_Pre,0,1,New Jersey
98,New Jersey,41.5,False,1_Pre,0,1,New Jersey
99,New Jersey,13.0,False,1_Pre,0,1,New Jersey
100,New Jersey,10.0,False,1_Pre,0,1,New Jersey
101,New Jersey,15.0,False,1_Pre,0,1,New Jersey
102,New Jersey,26.0,False,1_Pre,0,1,New Jersey
103,New Jersey,18.0,False,1_Pre,0,1,New Jersey
104,New Jersey,35.0,False,1_Pre,0,1,New Jersey
105,New Jersey,21.0,False,1_Pre,0,1,New Jersey
106,New Jersey,34.5,False,1_Pre,0,1,New Jersey
107,New Jersey,18.25,False,1_Pre,0,1,New Jersey
108,New Jersey,24.5,False,1_Pre,0,1,New Jersey
109,New Jersey,20.0,False,1_Pre,0,1,New Jersey
110,New Jersey,16.0,False,1_Pre,0,1,New Jersey
111,New Jersey,17.5,False,1_Pre,0,1,New Jersey
112,New Jersey,20.5,False,1_Pre,0,1,New Jersey
113,New Jersey,20.0,False,1_Pre,0,1,New Jersey
114,New Jersey,12.25,False,1_Pre,0,1,New Jersey
115,New Jersey,33.0,False,1_Pre,0,1,New Jersey
116,New Jersey,31.5,False,1_Pre,0,1,New Jersey
117,New Jersey,,False,1_Pre,0,1,New Jersey
118,New Jersey,18.0,False,1_Pre,0,1,New Jersey
119,New Jersey,28.0,False,1_Pre,0,1,New Jersey
120,New Jersey,16.5,False,1_Pre,0,1,New Jersey
121,New Jersey,14.75,False,1_Pre,0,1,New Jersey
122,New Jersey,23.5,False,1_Pre,0,1,New Jersey
123,New Jersey,10.0,False,1_Pre,0,1,New Jersey
124,New Jersey,46.5,False,1_Pre,0,1,New Jersey
125,New Jersey,15.5,False,1_Pre,0,1,New Jersey
126,New Jersey,24.5,False,1_Pre,0,1,New Jersey
127,New Jersey,24.0,False,1_Pre,0,1,New Jersey
128,New Jersey,23.0,False,1_Pre,0,1,New Jersey
129,New Jersey,28.0,False,1_Pre,0,1,New Jersey
130,New Jersey,32.5,False,1_Pre,0,1,New Jersey
131,New Jersey,23.0,False,1_Pre,0,1,New Jersey
132,New Jersey,17.0,False,1_Pre,0,1,New Jersey
133,New Jersey,30.0,False,1_Pre,0,1,New Jersey
134,New Jersey,21.5,False,1_Pre,0,1,New Jersey
135,New Jersey,32.0,False,1_Pre,0,1,New Jersey
136,New Jersey,8.0,False,1_Pre,0,1,New Jersey
137,New Jersey,35.5,False,1_Pre,0,1,New Jersey
138,New Jersey,31.5,False,1_Pre,0,1,New Jersey
139,New Jersey,33.0,False,1_Pre,0,1,New Jersey
140,New Jersey,22.0,False,1_Pre,0,1,New Jersey
141,New Jersey,23.0,False,1_Pre,0,1,New Jersey
142,New Jersey,23.0,False,1_Pre,0,1,New Jersey
143,New Jersey,8.5,False,1_Pre,0,1,New Jersey
144,New Jersey,12.5,False,1_Pre,0,1,New Jersey
145,New Jersey,9.5,False,1_Pre,0,1,New Jersey
146,New Jersey,13.0,False,1_Pre,0,1,New Jersey
147,New Jersey,17.0,False,1_Pre,0,1,New Jersey
148,New Jersey,9.0,False,1_Pre,0,1,New Jersey
149,New Jersey,19.0,False,1_Pre,0,1,New Jersey
150,New Jersey,11.5,False,1_Pre,0,1,New Jersey
151,New Jersey,13.0,False,1_Pre,0,1,New Jersey
152,New Jersey,48.0,False,1_Pre,0,1,New Jersey
153,New Jersey,45.5,False,1_Pre,0,1,New Jersey
154,New Jersey,15.0,False,1_Pre,0,1,New Jersey
155,New Jersey,18.0,False,1_Pre,0,1,New Jersey
156,New Jersey,21.0,False,1_Pre,0,1,New Jersey
157,New Jersey,20.5,False,1_Pre,0,1,New Jersey
158,New Jersey,20.5,False,1_Pre,0,1,New Jersey
159,New Jersey,17.5,False,1_Pre,0,1,New Jersey
160,New Jersey,27.5,False,1_Pre,0,1,New Jersey
161,New Jersey,24.0,False,1_Pre,0,1,New Jersey
162,New Jersey,34.0,False,1_Pre,0,1,New Jersey
163,New Jersey,18.0,False,1_Pre,0,1,New Jersey
164,New Jersey,24.0,False,1_Pre,0,1,New Jersey
165,New Jersey,,False,1_Pre,0,1,New Jersey
166,New Jersey,33.5,False,1_Pre,0,1,New Jersey
167,New Jersey,12.0,False,1_Pre,0,1,New Jersey
168,New Jersey,35.0,False,1_Pre,0,1,New Jersey
169,New Jersey,35.0,False,1_Pre,0,1,New Jersey
170,New Jersey,16.0,False,1_Pre,0,1,New Jersey
171,New Jersey,15.5,False,1_Pre,0,1,New Jersey
172,New Jersey,19.0,False,1_Pre,0,1,New Jersey
173,New Jersey,24.0,False,1_Pre,0,1,New Jersey
174,New Jersey,,False,1_Pre,0,1,New Jersey
175,New Jersey,36.0,False,1_Pre,0,1,New Jersey
176,New Jersey,29.0,False,1_Pre,0,1,New Jersey
177,New Jersey,29.0,False,1_Pre,0,1,New Jersey
178,New Jersey,21.25,False,1_Pre,0,1,New Jersey
179,New Jersey,15.5,False,1_Pre,0,1,New Jersey
180,New Jersey,19.5,False,1_Pre,0,1,New Jersey
181,New Jersey,21.0,False,1_Pre,0,1,New Jersey
182,New Jersey,14.0,False,1_Pre,0,1,New Jersey
183,New Jersey,30.5,False,1_Pre,0,1,New Jersey
184,New Jersey,23.5,False,1_Pre,0,1,New Jersey
185,New Jersey,14.0,False,1_Pre,0,1,New Jersey
186,New Jersey,14.5,False,1_Pre,0,1,New Jersey
187,New Jersey,15.5,False,1_Pre,0,1,New Jersey
188,New Jersey,26.5,False,1_Pre,0,1,New Jersey
189,New Jersey,8.0,False,1_Pre,0,1,New Jersey
190,New Jersey,5.5,False,1_Pre,0,1,New Jersey
191,New Jersey,23.25,False,1_Pre,0,1,New Jersey
192,New Jersey,15.5,False,1_Pre,0,1,New Jersey
193,New Jersey,32.25,False,1_Pre,0,1,New Jersey
194,New Jersey,30.0,False,1_Pre,0,1,New Jersey
195,New Jersey,,False,1_Pre,0,1,New Jersey
196,New Jersey,30.5,False,1_Pre,0,1,New Jersey
197,New Jersey,14.0,False,1_Pre,0,1,New Jersey
198,New Jersey,27.0,False,1_Pre,0,1,New Jersey
199,New Jersey,18.5,False,1_Pre,0,1,New Jersey
200,New Jersey,38.0,False,1_Pre,0,1,New Jersey
201,New Jersey,16.5,False,1_Pre,0,1,New Jersey
202,New Jersey,50.0,False,1_Pre,0,1,New Jersey
203,New Jersey,20.5,False,1_Pre,0,1,New Jersey
204,New Jersey,6.5,False,1_Pre,0,1,New Jersey
205,New Jersey,13.5,False,1_Pre,0,1,New Jersey
206,New Jersey,28.0,False,1_Pre,0,1,New Jersey
207,New Jersey,21.5,False,1_Pre,0,1,New Jersey
208,New Jersey,,False,1_Pre,0,1,New Jersey
209,New Jersey,24.0,False,1_Pre,0,1,New Jersey
210,New Jersey,20.5,False,1_Pre,0,1,New Jersey
211,New Jersey,,False,1_Pre,0,1,New Jersey
212,New Jersey,23.5,False,1_Pre,0,1,New Jersey
213,New Jersey,23.0,False,1_Pre,0,1,New Jersey
214,New Jersey,17.0,False,1_Pre,0,1,New Jersey
215,New Jersey,20.5,False,1_Pre,0,1,New Jersey
216,New Jersey,23.5,False,1_Pre,0,1,New Jersey
217,New Jersey,9.5,False,1_Pre,0,1,New Jersey
218,New Jersey,10.0,False,1_Pre,0,1,New Jersey
219,New Jersey,14.0,False,1_Pre,0,1,New Jersey
220,New Jersey,85.0,False,1_Pre,0,1,New Jersey
221,New Jersey,15.0,False,1_Pre,0,1,New Jersey
222,New Jersey,21.5,False,1_Pre,0,1,New Jersey
223,New Jersey,53.0,False,1_Pre,0,1,New Jersey
224,New Jersey,24.0,False,1_Pre,0,1,New Jersey
225,New Jersey,20.5,False,1_Pre,0,1,New Jersey
226,New Jersey,14.5,False,1_Pre,0,1,New Jersey
227,New Jersey,25.0,False,1_Pre,0,1,New Jersey
228,New Jersey,27.0,False,1_Pre,0,1,New Jersey
229,New Jersey,22.5,False,1_Pre,0,1,New Jersey
230,New Jersey,36.5,False,1_Pre,0,1,New Jersey
231,New Jersey,17.25,False,1_Pre,0,1,New Jersey
232,New Jersey,21.5,False,1_Pre,0,1,New Jersey
233,New Jersey,24.5,False,1_Pre,0,1,New Jersey
234,New Jersey,19.0,False,1_Pre,0,1,New Jersey
235,New Jersey,25.0,False,1_Pre,0,1,New Jersey
236,New Jersey,16.0,False,1_Pre,0,1,New Jersey
237,New Jersey,19.0,False,1_Pre,0,1,New Jersey
238,New Jersey,22.75,False,1_Pre,0,1,New Jersey
239,New Jersey,35.0,False,1_Pre,0,1,New Jersey
240,New Jersey,16.0,False,1_Pre,0,1,New Jersey
241,New Jersey,21.0,False,1_Pre,0,1,New Jersey
242,New Jersey,26.75,False,1_Pre,0,1,New Jersey
243,New Jersey,30.5,False,1_Pre,0,1,New Jersey
244,New Jersey,23.0,False,1_Pre,0,1,New Jersey
245,New Jersey,21.5,False,1_Pre,0,1,New Jersey
246,New Jersey,36.5,False,1_Pre,0,1,New Jersey
247,New Jersey,23.0,False,1_Pre,0,1,New Jersey
248,New Jersey,14.0,False,1_Pre,0,1,New Jersey
249,New Jersey,17.25,False,1_Pre,0,1,New Jersey
250,New Jersey,18.5,False,1_Pre,0,1,New Jersey
251,New Jersey,8.5,False,1_Pre,0,1,New Jersey
252,New Jersey,14.0,False,1_Pre,0,1,New Jersey
253,New Jersey,23.0,False,1_Pre,0,1,New Jersey
254,New Jersey,29.0,False,1_Pre,0,1,New Jersey
255,New Jersey,19.0,False,1_Pre,0,1,New Jersey
256,New Jersey,21.0,False,1_Pre,0,1,New Jersey
257,New Jersey,17.0,False,1_Pre,0,1,New Jersey
258,New Jersey,36.0,False,1_Pre,0,1,New Jersey
259,New Jersey,25.0,False,1_Pre,0,1,New Jersey
260,New Jersey,29.5,False,1_Pre,0,1,New Jersey
261,New Jersey,22.0,False,1_Pre,0,1,New Jersey
262,New Jersey,11.0,False,1_Pre,0,1,New Jersey
263,New Jersey,13.5,False,1_Pre,0,1,New Jersey
264,New Jersey,13.5,False,1_Pre,0,1,New Jersey
265,New Jersey,18.0,False,1_Pre,0,1,New Jersey
266,New Jersey,9.5,False,1_Pre,0,1,New Jersey
267,New Jersey,24.0,False,1_Pre,0,1,New Jersey
268,New Jersey,14.5,False,1_Pre,0,1,New Jersey
269,New Jersey,29.0,False,1_Pre,0,1,New Jersey
270,New Jersey,10.5,False,1_Pre,0,1,New Jersey
271,New Jersey,18.0,False,1_Pre,0,1,New Jersey
272,New Jersey,,False,1_Pre,0,1,New Jersey
273,New Jersey,9.0,False,1_Pre,0,1,New Jersey
274,New Jersey,33.0,False,1_Pre,0,1,New Jersey
275,New Jersey,19.5,False,1_Pre,0,1,New Jersey
276,New Jersey,41.0,False,1_Pre,0,1,New Jersey
277,New Jersey,17.0,False,1_Pre,0,1,New Jersey
278,New Jersey,18.25,False,1_Pre,0,1,New Jersey
279,New Jersey,17.0,False,1_Pre,0,1,New Jersey
280,New Jersey,32.0,False,1_Pre,0,1,New Jersey
281,New Jersey,26.0,False,1_Pre,0,1,New Jersey
282,New Jersey,11.5,False,1_Pre,0,1,New Jersey
283,New Jersey,21.0,False,1_Pre,0,1,New Jersey
284,New Jersey,22.75,False,1_Pre,0,1,New Jersey
285,New Jersey,18.5,False,1_Pre,0,1,New Jersey
286,New Jersey,20.0,False,1_Pre,0,1,New Jersey
287,New Jersey,18.0,False,1_Pre,0,1,New Jersey
288,New Jersey,10.5,False,1_Pre,0,1,New Jersey
289,New Jersey,10.5,False,1_Pre,0,1,New Jersey
290,New Jersey,11.0,False,1_Pre,0,1,New Jersey
291,New Jersey,10.5,False,1_Pre,0,1,New Jersey
292,New Jersey,12.5,False,1_Pre,0,1,New Jersey
293,New Jersey,18.0,False,1_Pre,0,1,New Jersey
294,New Jersey,17.0,False,1_Pre,0,1,New Jersey
295,New Jersey,15.0,False,1_Pre,0,1,New Jersey
296,New Jersey,19.5,False,1_Pre,0,1,New Jersey
297,New Jersey,13.0,False,1_Pre,0,1,New Jersey
298,New Jersey,20.25,False,1_Pre,0,1,New Jersey
299,New Jersey,26.0,False,1_Pre,0,1,New Jersey
300,New Jersey,15.5,False,1_Pre,0,1,New Jersey
301,New Jersey,24.0,False,1_Pre,0,1,New Jersey
302,New Jersey,25.5,False,1_Pre,0,1,New Jersey
303,New Jersey,14.5,False,1_Pre,0,1,New Jersey
304,New Jersey,21.5,False,1_Pre,0,1,New Jersey
305,New Jersey,14.0,False,1_Pre,0,1,New Jersey
306,New Jersey,20.0,False,1_Pre,0,1,New Jersey
307,New Jersey,22.5,False,1_Pre,0,1,New Jersey
308,New Jersey,30.0,False,1_Pre,0,1,New Jersey
309,New Jersey,24.0,False,1_Pre,0,1,New Jersey
310,New Jersey,22.0,False,1_Pre,0,1,New Jersey
311,New Jersey,13.0,False,1_Pre,0,1,New Jersey
312,New Jersey,5.0,False,1_Pre,0,1,New Jersey
313,New Jersey,13.5,False,1_Pre,0,1,New Jersey
314,New Jersey,28.0,False,1_Pre,0,1,New Jersey
315,New Jersey,18.0,False,1_Pre,0,1,New Jersey
316,New Jersey,24.0,False,1_Pre,0,1,New Jersey
317,New Jersey,16.5,False,1_Pre,0,1,New Jersey
318,New Jersey,7.0,False,1_Pre,0,1,New Jersey
319,New Jersey,11.0,False,1_Pre,0,1,New Jersey
320,New Jersey,19.5,False,1_Pre,0,1,New Jersey
321,New Jersey,10.0,False,1_Pre,0,1,New Jersey
322,New Jersey,13.0,False,1_Pre,0,1,New Jersey
323,New Jersey,10.0,False,1_Pre,0,1,New Jersey
324,New Jersey,12.5,False,1_Pre,0,1,New Jersey
325,New Jersey,8.0,False,1_Pre,0,1,New Jersey
326,New Jersey,12.0,False,1_Pre,0,1,New Jersey
327,New Jersey,20.5,False,1_Pre,0,1,New Jersey
328,New Jersey,18.5,False,1_Pre,0,1,New Jersey
329,New Jersey,11.5,False,1_Pre,0,1,New Jersey
330,New Jersey,15.0,False,1_Pre,0,1,New Jersey
331,New Jersey,13.0,False,1_Pre,0,1,New Jersey
332,New Jersey,10.0,False,1_Pre,0,1,New Jersey
333,New Jersey,17.0,False,1_Pre,0,1,New Jersey
334,New Jersey,17.0,False,1_Pre,0,1,New Jersey
335,New Jersey,20.5,False,1_Pre,0,1,New Jersey
336,New Jersey,15.5,False,1_Pre,0,1,New Jersey
337,New Jersey,19.5,False,1_Pre,0,1,New Jersey
338,New Jersey,30.5,False,1_Pre,0,1,New Jersey
339,New Jersey,23.0,False,1_Pre,0,1,New Jersey
340,New Jersey,13.0,False,1_Pre,0,1,New Jersey
341,New Jersey,30.25,False,1_Pre,0,1,New Jersey
342,New Jersey,18.0,False,1_Pre,0,1,New Jersey
343,New Jersey,10.0,False,1_Pre,0,1,New Jersey
344,New Jersey,19.5,False,1_Pre,0,1,New Jersey
345,New Jersey,17.0,False,1_Pre,0,1,New Jersey
346,New Jersey,25.5,False,1_Pre,0,1,New Jersey
347,New Jersey,6.0,False,1_Pre,0,1,New Jersey
348,New Jersey,11.5,False,1_Pre,0,1,New Jersey
349,New Jersey,8.5,False,1_Pre,0,1,New Jersey
350,New Jersey,18.5,False,1_Pre,0,1,New Jersey
351,New Jersey,15.5,False,1_Pre,0,1,New Jersey
352,New Jersey,14.25,False,1_Pre,0,1,New Jersey
353,New Jersey,38.0,False,1_Pre,0,1,New Jersey
354,New Jersey,24.75,False,1_Pre,0,1,New Jersey
355,New Jersey,23.0,False,1_Pre,0,1,New Jersey
356,New Jersey,24.0,False,1_Pre,0,1,New Jersey
357,New Jersey,7.5,False,1_Pre,0,1,New Jersey
358,New Jersey,15.0,False,1_Pre,0,1,New Jersey
359,New Jersey,9.25,False,1_Pre,0,1,New Jersey
360,New Jersey,11.25,False,1_Pre,0,1,New Jersey
361,New Jersey,16.5,False,1_Pre,0,1,New Jersey
362,New Jersey,18.75,False,1_Pre,0,1,New Jersey
363,New Jersey,13.5,False,1_Pre,0,1,New Jersey
364,New Jersey,21.75,False,1_Pre,0,1,New Jersey
365,New Jersey,13.5,False,1_Pre,0,1,New Jersey
366,New Jersey,15.0,False,1_Pre,0,1,New Jersey
367,New Jersey,17.5,False,1_Pre,0,1,New Jersey
368,New Jersey,17.5,False,1_Pre,0,1,New Jersey
369,New Jersey,,False,1_Pre,0,1,New Jersey
370,New Jersey,15.5,False,1_Pre,0,1,New Jersey
371,New Jersey,16.5,False,1_Pre,0,1,New Jersey
372,New Jersey,13.5,False,1_Pre,0,1,New Jersey
373,New Jersey,13.0,False,1_Pre,0,1,New Jersey
374,New Jersey,11.5,False,1_Pre,0,1,New Jersey
375,New Jersey,29.05,False,1_Pre,0,1,New Jersey
376,New Jersey,13.0,False,1_Pre,0,1,New Jersey
377,New Jersey,18.0,False,1_Pre,0,1,New Jersey
378,New Jersey,30.0,False,1_Pre,0,1,New Jersey
379,New Jersey,20.5,False,1_Pre,0,1,New Jersey
380,New Jersey,10.0,False,1_Pre,0,1,New Jersey
381,New Jersey,,False,1_Pre,0,1,New Jersey
382,New Jersey,26.0,False,1_Pre,0,1,New Jersey
383,New Jersey,12.5,False,1_Pre,0,1,New Jersey
384,New Jersey,19.5,False,1_Pre,0,1,New Jersey
385,New Jersey,12.0,False,1_Pre,0,1,New Jersey
386,New Jersey,36.0,False,1_Pre,0,1,New Jersey
387,New Jersey,21.0,False,1_Pre,0,1,New Jersey
388,New Jersey,24.5,False,1_Pre,0,1,New Jersey
389,New Jersey,20.0,False,1_Pre,0,1,New Jersey
390,New Jersey,26.5,False,1_Pre,0,1,New Jersey
391,New Jersey,15.0,False,1_Pre,0,1,New Jersey
392,New Jersey,19.0,False,1_Pre,0,1,New Jersey
393,New Jersey,17.5,False,1_Pre,0,1,New Jersey
394,New Jersey,20.5,False,1_Pre,0,1,New Jersey
395,New Jersey,21.0,False,1_Pre,0,1,New Jersey
396,New Jersey,10.5,False,1_Pre,0,1,New Jersey
397,New Jersey,23.0,False,1_Pre,0,1,New Jersey
398,New Jersey,23.0,False,1_Pre,0,1,New Jersey
399,New Jersey,29.0,False,1_Pre,0,1,New Jersey
400,New Jersey,21.0,False,1_Pre,0,1,New Jersey
401,New Jersey,41.5,False,1_Pre,0,1,New Jersey
402,New Jersey,12.0,False,1_Pre,0,1,New Jersey
403,New Jersey,33.0,False,1_Pre,0,1,New Jersey
404,New Jersey,6.5,False,1_Pre,0,1,New Jersey
405,New Jersey,9.0,False,1_Pre,0,1,New Jersey
406,New Jersey,9.75,False,1_Pre,0,1,New Jersey
407,New Jersey,24.5,False,1_Pre,0,1,New Jersey
408,New Jersey,14.0,False,1_Pre,0,1,New Jersey
409,New Jersey,19.5,False,1_Pre,0,1,New Jersey
0,Pennsylvania,24.0,True,2_Post,1,0,Pennsylvania
1,Pennsylvania,11.5,True,2_Post,1,0,Pennsylvania
2,Pennsylvania,10.5,True,2_Post,1,0,Pennsylvania
3,Pennsylvania,20.0,True,2_Post,1,0,Pennsylvania
4,Pennsylvania,35.5,True,2_Post,1,0,Pennsylvania
5,Pennsylvania,,True,2_Post,1,0,Pennsylvania
6,Pennsylvania,29.0,True,2_Post,1,0,Pennsylvania
7,Pennsylvania,36.5,True,2_Post,1,0,Pennsylvania
8,Pennsylvania,11.0,True,2_Post,1,0,Pennsylvania
9,Pennsylvania,8.5,True,2_Post,1,0,Pennsylvania
10,Pennsylvania,17.5,True,2_Post,1,0,Pennsylvania
11,Pennsylvania,29.0,True,2_Post,1,0,Pennsylvania
12,Pennsylvania,30.5,True,2_Post,1,0,Pennsylvania
13,Pennsylvania,26.0,True,2_Post,1,0,Pennsylvania
14,Pennsylvania,18.0,True,2_Post,1,0,Pennsylvania
15,Pennsylvania,20.0,True,2_Post,1,0,Pennsylvania
16,Pennsylvania,13.5,True,2_Post,1,0,Pennsylvania
17,Pennsylvania,19.0,True,2_Post,1,0,Pennsylvania
18,Pennsylvania,15.5,True,2_Post,1,0,Pennsylvania
19,Pennsylvania,14.5,True,2_Post,1,0,Pennsylvania
20,Pennsylvania,14.0,True,2_Post,1,0,Pennsylvania
21,Pennsylvania,19.0,True,2_Post,1,0,Pennsylvania
22,Pennsylvania,21.0,True,2_Post,1,0,Pennsylvania
23,Pennsylvania,18.0,True,2_Post,1,0,Pennsylvania
24,Pennsylvania,20.5,True,2_Post,1,0,Pennsylvania
25,Pennsylvania,13.5,True,2_Post,1,0,Pennsylvania
26,Pennsylvania,17.5,True,2_Post,1,0,Pennsylvania
27,Pennsylvania,25.5,True,2_Post,1,0,Pennsylvania
28,Pennsylvania,15.5,True,2_Post,1,0,Pennsylvania
29,Pennsylvania,25.5,True,2_Post,1,0,Pennsylvania
30,Pennsylvania,27.0,True,2_Post,1,0,Pennsylvania
31,Pennsylvania,16.0,True,2_Post,1,0,Pennsylvania
32,Pennsylvania,19.0,True,2_Post,1,0,Pennsylvania
33,Pennsylvania,24.5,True,2_Post,1,0,Pennsylvania
34,Pennsylvania,25.0,True,2_Post,1,0,Pennsylvania
35,Pennsylvania,17.0,True,2_Post,1,0,Pennsylvania
36,Pennsylvania,16.5,True,2_Post,1,0,Pennsylvania
37,Pennsylvania,20.0,True,2_Post,1,0,Pennsylvania
38,Pennsylvania,18.0,True,2_Post,1,0,Pennsylvania
39,Pennsylvania,12.0,True,2_Post,1,0,Pennsylvania
40,Pennsylvania,25.0,True,2_Post,1,0,Pennsylvania
41,Pennsylvania,11.0,True,2_Post,1,0,Pennsylvania
42,Pennsylvania,27.0,True,2_Post,1,0,Pennsylvania
43,Pennsylvania,34.0,True,2_Post,1,0,Pennsylvania
44,Pennsylvania,25.0,True,2_Post,1,0,Pennsylvania
45,Pennsylvania,37.5,True,2_Post,1,0,Pennsylvania
46,Pennsylvania,21.0,True,2_Post,1,0,Pennsylvania
47,Pennsylvania,9.5,True,2_Post,1,0,Pennsylvania
48,Pennsylvania,18.0,True,2_Post,1,0,Pennsylvania
49,Pennsylvania,18.0,True,2_Post,1,0,Pennsylvania
50,Pennsylvania,19.0,True,2_Post,1,0,Pennsylvania
51,Pennsylvania,31.5,True,2_Post,1,0,Pennsylvania
52,Pennsylvania,23.0,True,2_Post,1,0,Pennsylvania
53,Pennsylvania,24.5,True,2_Post,1,0,Pennsylvania
54,Pennsylvania,27.5,True,2_Post,1,0,Pennsylvania
55,Pennsylvania,34.5,True,2_Post,1,0,Pennsylvania
56,Pennsylvania,14.0,True,2_Post,1,0,Pennsylvania
57,Pennsylvania,15.0,True,2_Post,1,0,Pennsylvania
58,Pennsylvania,23.0,True,2_Post,1,0,Pennsylvania
59,Pennsylvania,26.5,True,2_Post,1,0,Pennsylvania
60,Pennsylvania,23.5,True,2_Post,1,0,Pennsylvania
61,Pennsylvania,35.5,True,2_Post,1,0,Pennsylvania
62,Pennsylvania,21.0,True,2_Post,1,0,Pennsylvania
63,Pennsylvania,23.0,True,2_Post,1,0,Pennsylvania
64,Pennsylvania,20.0,True,2_Post,1,0,Pennsylvania
65,Pennsylvania,27.0,True,2_Post,1,0,Pennsylvania
66,Pennsylvania,13.0,True,2_Post,1,0,Pennsylvania
67,Pennsylvania,0.0,True,2_Post,1,0,Pennsylvania
68,Pennsylvania,13.5,True,2_Post,1,0,Pennsylvania
69,Pennsylvania,,True,2_Post,1,0,Pennsylvania
70,Pennsylvania,26.75,True,2_Post,1,0,Pennsylvania
71,Pennsylvania,43.5,True,2_Post,1,0,Pennsylvania
72,Pennsylvania,41.25,True,2_Post,1,0,Pennsylvania
73,Pennsylvania,14.25,True,2_Post,1,0,Pennsylvania
74,Pennsylvania,12.5,True,2_Post,1,0,Pennsylvania
75,Pennsylvania,34.0,True,2_Post,1,0,Pennsylvania
76,Pennsylvania,10.0,True,2_Post,1,0,Pennsylvania
77,Pennsylvania,14.0,True,2_Post,1,0,Pennsylvania
78,Pennsylvania,17.5,True,2_Post,1,0,Pennsylvania
79,New Jersey,27.0,True,2_Post,1,1,New Jersey
80,New Jersey,21.5,True,2_Post,1,1,New Jersey
81,New Jersey,23.0,True,2_Post,1,1,New Jersey
82,New Jersey,21.5,True,2_Post,1,1,New Jersey
83,New Jersey,34.5,True,2_Post,1,1,New Jersey
84,New Jersey,10.5,True,2_Post,1,1,New Jersey
85,New Jersey,16.5,True,2_Post,1,1,New Jersey
86,New Jersey,23.0,True,2_Post,1,1,New Jersey
87,New Jersey,38.0,True,2_Post,1,1,New Jersey
88,New Jersey,36.0,True,2_Post,1,1,New Jersey
89,New Jersey,16.0,True,2_Post,1,1,New Jersey
90,New Jersey,20.5,True,2_Post,1,1,New Jersey
91,New Jersey,19.0,True,2_Post,1,1,New Jersey
92,New Jersey,53.0,True,2_Post,1,1,New Jersey
93,New Jersey,16.5,True,2_Post,1,1,New Jersey
94,New Jersey,16.5,True,2_Post,1,1,New Jersey
95,New Jersey,45.0,True,2_Post,1,1,New Jersey
96,New Jersey,8.0,True,2_Post,1,1,New Jersey
97,New Jersey,15.5,True,2_Post,1,1,New Jersey
98,New Jersey,24.0,True,2_Post,1,1,New Jersey
99,New Jersey,7.5,True,2_Post,1,1,New Jersey
100,New Jersey,7.5,True,2_Post,1,1,New Jersey
101,New Jersey,18.5,True,2_Post,1,1,New Jersey
102,New Jersey,16.5,True,2_Post,1,1,New Jersey
103,New Jersey,33.5,True,2_Post,1,1,New Jersey
104,New Jersey,37.0,True,2_Post,1,1,New Jersey
105,New Jersey,18.0,True,2_Post,1,1,New Jersey
106,New Jersey,26.5,True,2_Post,1,1,New Jersey
107,New Jersey,33.0,True,2_Post,1,1,New Jersey
108,New Jersey,,True,2_Post,1,1,New Jersey
109,New Jersey,20.5,True,2_Post,1,1,New Jersey
110,New Jersey,24.5,True,2_Post,1,1,New Jersey
111,New Jersey,16.0,True,2_Post,1,1,New Jersey
112,New Jersey,,True,2_Post,1,1,New Jersey
113,New Jersey,23.5,True,2_Post,1,1,New Jersey
114,New Jersey,13.0,True,2_Post,1,1,New Jersey
115,New Jersey,20.0,True,2_Post,1,1,New Jersey
116,New Jersey,22.0,True,2_Post,1,1,New Jersey
117,New Jersey,28.5,True,2_Post,1,1,New Jersey
118,New Jersey,,True,2_Post,1,1,New Jersey
119,New Jersey,25.5,True,2_Post,1,1,New Jersey
120,New Jersey,18.0,True,2_Post,1,1,New Jersey
121,New Jersey,9.0,True,2_Post,1,1,New Jersey
122,New Jersey,26.5,True,2_Post,1,1,New Jersey
123,New Jersey,0.0,True,2_Post,1,1,New Jersey
124,New Jersey,23.75,True,2_Post,1,1,New Jersey
125,New Jersey,18.0,True,2_Post,1,1,New Jersey
126,New Jersey,36.0,True,2_Post,1,1,New Jersey
127,New Jersey,21.0,True,2_Post,1,1,New Jersey
128,New Jersey,15.5,True,2_Post,1,1,New Jersey
129,New Jersey,22.5,True,2_Post,1,1,New Jersey
130,New Jersey,27.0,True,2_Post,1,1,New Jersey
131,New Jersey,34.0,True,2_Post,1,1,New Jersey
132,New Jersey,16.75,True,2_Post,1,1,New Jersey
133,New Jersey,26.0,True,2_Post,1,1,New Jersey
134,New Jersey,18.0,True,2_Post,1,1,New Jersey
135,New Jersey,20.5,True,2_Post,1,1,New Jersey
136,New Jersey,15.0,True,2_Post,1,1,New Jersey
137,New Jersey,25.5,True,2_Post,1,1,New Jersey
138,New Jersey,,True,2_Post,1,1,New Jersey
139,New Jersey,20.0,True,2_Post,1,1,New Jersey
140,New Jersey,18.0,True,2_Post,1,1,New Jersey
141,New Jersey,26.5,True,2_Post,1,1,New Jersey
142,New Jersey,23.25,True,2_Post,1,1,New Jersey
143,New Jersey,10.5,True,2_Post,1,1,New Jersey
144,New Jersey,12.0,True,2_Post,1,1,New Jersey
145,New Jersey,9.5,True,2_Post,1,1,New Jersey
146,New Jersey,15.5,True,2_Post,1,1,New Jersey
147,New Jersey,14.5,True,2_Post,1,1,New Jersey
148,New Jersey,14.0,True,2_Post,1,1,New Jersey
149,New Jersey,6.5,True,2_Post,1,1,New Jersey
150,New Jersey,10.0,True,2_Post,1,1,New Jersey
151,New Jersey,11.5,True,2_Post,1,1,New Jersey
152,New Jersey,46.5,True,2_Post,1,1,New Jersey
153,New Jersey,26.5,True,2_Post,1,1,New Jersey
154,New Jersey,16.0,True,2_Post,1,1,New Jersey
155,New Jersey,13.0,True,2_Post,1,1,New Jersey
156,New Jersey,14.0,True,2_Post,1,1,New Jersey
157,New Jersey,15.5,True,2_Post,1,1,New Jersey
158,New Jersey,18.0,True,2_Post,1,1,New Jersey
159,New Jersey,27.0,True,2_Post,1,1,New Jersey
160,New Jersey,27.0,True,2_Post,1,1,New Jersey
161,New Jersey,29.5,True,2_Post,1,1,New Jersey
162,New Jersey,16.5,True,2_Post,1,1,New Jersey
163,New Jersey,31.5,True,2_Post,1,1,New Jersey
164,New Jersey,27.5,True,2_Post,1,1,New Jersey
165,New Jersey,25.5,True,2_Post,1,1,New Jersey
166,New Jersey,32.0,True,2_Post,1,1,New Jersey
167,New Jersey,14.5,True,2_Post,1,1,New Jersey
168,New Jersey,10.5,True,2_Post,1,1,New Jersey
169,New Jersey,44.0,True,2_Post,1,1,New Jersey
170,New Jersey,15.5,True,2_Post,1,1,New Jersey
171,New Jersey,10.5,True,2_Post,1,1,New Jersey
172,New Jersey,24.0,True,2_Post,1,1,New Jersey
173,New Jersey,29.0,True,2_Post,1,1,New Jersey
174,New Jersey,30.5,True,2_Post,1,1,New Jersey
175,New Jersey,20.0,True,2_Post,1,1,New Jersey
176,New Jersey,26.5,True,2_Post,1,1,New Jersey
177,New Jersey,27.0,True,2_Post,1,1,New Jersey
178,New Jersey,26.5,True,2_Post,1,1,New Jersey
179,New Jersey,10.5,True,2_Post,1,1,New Jersey
180,New Jersey,18.0,True,2_Post,1,1,New Jersey
181,New Jersey,18.5,True,2_Post,1,1,New Jersey
182,New Jersey,25.5,True,2_Post,1,1,New Jersey
183,New Jersey,32.0,True,2_Post,1,1,New Jersey
184,New Jersey,33.0,True,2_Post,1,1,New Jersey
185,New Jersey,7.5,True,2_Post,1,1,New Jersey
186,New Jersey,12.5,True,2_Post,1,1,New Jersey
187,New Jersey,24.0,True,2_Post,1,1,New Jersey
188,New Jersey,29.0,True,2_Post,1,1,New Jersey
189,New Jersey,10.0,True,2_Post,1,1,New Jersey
190,New Jersey,9.5,True,2_Post,1,1,New Jersey
191,New Jersey,17.5,True,2_Post,1,1,New Jersey
192,New Jersey,17.5,True,2_Post,1,1,New Jersey
193,New Jersey,25.0,True,2_Post,1,1,New Jersey
194,New Jersey,26.0,True,2_Post,1,1,New Jersey
195,New Jersey,24.0,True,2_Post,1,1,New Jersey
196,New Jersey,22.5,True,2_Post,1,1,New Jersey
197,New Jersey,,True,2_Post,1,1,New Jersey
198,New Jersey,35.0,True,2_Post,1,1,New Jersey
199,New Jersey,17.75,True,2_Post,1,1,New Jersey
200,New Jersey,24.5,True,2_Post,1,1,New Jersey
201,New Jersey,16.5,True,2_Post,1,1,New Jersey
202,New Jersey,30.0,True,2_Post,1,1,New Jersey
203,New Jersey,39.0,True,2_Post,1,1,New Jersey
204,New Jersey,17.0,True,2_Post,1,1,New Jersey
205,New Jersey,12.5,True,2_Post,1,1,New Jersey
206,New Jersey,38.5,True,2_Post,1,1,New Jersey
207,New Jersey,20.0,True,2_Post,1,1,New Jersey
208,New Jersey,21.0,True,2_Post,1,1,New Jersey
209,New Jersey,32.0,True,2_Post,1,1,New Jersey
210,New Jersey,19.0,True,2_Post,1,1,New Jersey
211,New Jersey,20.0,True,2_Post,1,1,New Jersey
212,New Jersey,26.5,True,2_Post,1,1,New Jersey
213,New Jersey,19.0,True,2_Post,1,1,New Jersey
214,New Jersey,20.0,True,2_Post,1,1,New Jersey
215,New Jersey,22.5,True,2_Post,1,1,New Jersey
216,New Jersey,10.0,True,2_Post,1,1,New Jersey
217,New Jersey,12.5,True,2_Post,1,1,New Jersey
218,New Jersey,11.0,True,2_Post,1,1,New Jersey
219,New Jersey,12.5,True,2_Post,1,1,New Jersey
220,New Jersey,59.0,True,2_Post,1,1,New Jersey
221,New Jersey,19.0,True,2_Post,1,1,New Jersey
222,New Jersey,15.5,True,2_Post,1,1,New Jersey
223,New Jersey,19.0,True,2_Post,1,1,New Jersey
224,New Jersey,26.5,True,2_Post,1,1,New Jersey
225,New Jersey,17.5,True,2_Post,1,1,New Jersey
226,New Jersey,20.5,True,2_Post,1,1,New Jersey
227,New Jersey,28.0,True,2_Post,1,1,New Jersey
228,New Jersey,30.25,True,2_Post,1,1,New Jersey
229,New Jersey,44.0,True,2_Post,1,1,New Jersey
230,New Jersey,17.5,True,2_Post,1,1,New Jersey
231,New Jersey,31.0,True,2_Post,1,1,New Jersey
232,New Jersey,31.0,True,2_Post,1,1,New Jersey
233,New Jersey,28.5,True,2_Post,1,1,New Jersey
234,New Jersey,19.0,True,2_Post,1,1,New Jersey
235,New Jersey,41.0,True,2_Post,1,1,New Jersey
236,New Jersey,28.0,True,2_Post,1,1,New Jersey
237,New Jersey,9.5,True,2_Post,1,1,New Jersey
238,New Jersey,25.0,True,2_Post,1,1,New Jersey
239,New Jersey,28.0,True,2_Post,1,1,New Jersey
240,New Jersey,16.0,True,2_Post,1,1,New Jersey
241,New Jersey,22.75,True,2_Post,1,1,New Jersey
242,New Jersey,,True,2_Post,1,1,New Jersey
243,New Jersey,32.0,True,2_Post,1,1,New Jersey
244,New Jersey,27.5,True,2_Post,1,1,New Jersey
245,New Jersey,25.5,True,2_Post,1,1,New Jersey
246,New Jersey,60.5,True,2_Post,1,1,New Jersey
247,New Jersey,20.5,True,2_Post,1,1,New Jersey
248,New Jersey,16.0,True,2_Post,1,1,New Jersey
249,New Jersey,25.0,True,2_Post,1,1,New Jersey
250,New Jersey,13.0,True,2_Post,1,1,New Jersey
251,New Jersey,9.0,True,2_Post,1,1,New Jersey
252,New Jersey,16.5,True,2_Post,1,1,New Jersey
253,New Jersey,21.0,True,2_Post,1,1,New Jersey
254,New Jersey,21.5,True,2_Post,1,1,New Jersey
255,New Jersey,20.0,True,2_Post,1,1,New Jersey
256,New Jersey,21.25,True,2_Post,1,1,New Jersey
257,New Jersey,21.5,True,2_Post,1,1,New Jersey
258,New Jersey,31.0,True,2_Post,1,1,New Jersey
259,New Jersey,33.0,True,2_Post,1,1,New Jersey
260,New Jersey,37.75,True,2_Post,1,1,New Jersey
261,New Jersey,9.0,True,2_Post,1,1,New Jersey
262,New Jersey,11.0,True,2_Post,1,1,New Jersey
263,New Jersey,12.75,True,2_Post,1,1,New Jersey
264,New Jersey,10.5,True,2_Post,1,1,New Jersey
265,New Jersey,22.0,True,2_Post,1,1,New Jersey
266,New Jersey,8.0,True,2_Post,1,1,New Jersey
267,New Jersey,25.0,True,2_Post,1,1,New Jersey
268,New Jersey,12.5,True,2_Post,1,1,New Jersey
269,New Jersey,22.5,True,2_Post,1,1,New Jersey
270,New Jersey,11.5,True,2_Post,1,1,New Jersey
271,New Jersey,23.5,True,2_Post,1,1,New Jersey
272,New Jersey,30.0,True,2_Post,1,1,New Jersey
273,New Jersey,16.5,True,2_Post,1,1,New Jersey
274,New Jersey,29.0,True,2_Post,1,1,New Jersey
275,New Jersey,30.0,True,2_Post,1,1,New Jersey
276,New Jersey,22.5,True,2_Post,1,1,New Jersey
277,New Jersey,24.0,True,2_Post,1,1,New Jersey
278,New Jersey,21.75,True,2_Post,1,1,New Jersey
279,New Jersey,13.5,True,2_Post,1,1,New Jersey
280,New Jersey,24.0,True,2_Post,1,1,New Jersey
281,New Jersey,28.5,True,2_Post,1,1,New Jersey
282,New Jersey,10.0,True,2_Post,1,1,New Jersey
283,New Jersey,23.5,True,2_Post,1,1,New Jersey
284,New Jersey,30.5,True,2_Post,1,1,New Jersey
285,New Jersey,24.75,True,2_Post,1,1,New Jersey
286,New Jersey,22.5,True,2_Post,1,1,New Jersey
287,New Jersey,28.0,True,2_Post,1,1,New Jersey
288,New Jersey,14.0,True,2_Post,1,1,New Jersey
289,New Jersey,9.0,True,2_Post,1,1,New Jersey
290,New Jersey,9.5,True,2_Post,1,1,New Jersey
291,New Jersey,15.5,True,2_Post,1,1,New Jersey
292,New Jersey,12.0,True,2_Post,1,1,New Jersey
293,New Jersey,11.5,True,2_Post,1,1,New Jersey
294,New Jersey,12.5,True,2_Post,1,1,New Jersey
295,New Jersey,16.0,True,2_Post,1,1,New Jersey
296,New Jersey,28.5,True,2_Post,1,1,New Jersey
297,New Jersey,15.0,True,2_Post,1,1,New Jersey
298,New Jersey,23.5,True,2_Post,1,1,New Jersey
299,New Jersey,30.5,True,2_Post,1,1,New Jersey
300,New Jersey,26.5,True,2_Post,1,1,New Jersey
301,New Jersey,27.0,True,2_Post,1,1,New Jersey
302,New Jersey,21.5,True,2_Post,1,1,New Jersey
303,New Jersey,,True,2_Post,1,1,New Jersey
304,New Jersey,21.5,True,2_Post,1,1,New Jersey
305,New Jersey,37.5,True,2_Post,1,1,New Jersey
306,New Jersey,11.5,True,2_Post,1,1,New Jersey
307,New Jersey,21.0,True,2_Post,1,1,New Jersey
308,New Jersey,28.0,True,2_Post,1,1,New Jersey
309,New Jersey,24.0,True,2_Post,1,1,New Jersey
310,New Jersey,23.0,True,2_Post,1,1,New Jersey
311,New Jersey,19.0,True,2_Post,1,1,New Jersey
312,New Jersey,7.0,True,2_Post,1,1,New Jersey
313,New Jersey,14.0,True,2_Post,1,1,New Jersey
314,New Jersey,,True,2_Post,1,1,New Jersey
315,New Jersey,32.0,True,2_Post,1,1,New Jersey
316,New Jersey,22.0,True,2_Post,1,1,New Jersey
317,New Jersey,14.25,True,2_Post,1,1,New Jersey
318,New Jersey,16.5,True,2_Post,1,1,New Jersey
319,New Jersey,0.0,True,2_Post,1,1,New Jersey
320,New Jersey,47.5,True,2_Post,1,1,New Jersey
321,New Jersey,15.5,True,2_Post,1,1,New Jersey
322,New Jersey,10.5,True,2_Post,1,1,New Jersey
323,New Jersey,7.0,True,2_Post,1,1,New Jersey
324,New Jersey,11.0,True,2_Post,1,1,New Jersey
325,New Jersey,8.5,True,2_Post,1,1,New Jersey
326,New Jersey,0.0,True,2_Post,1,1,New Jersey
327,New Jersey,15.0,True,2_Post,1,1,New Jersey
328,New Jersey,13.5,True,2_Post,1,1,New Jersey
329,New Jersey,12.5,True,2_Post,1,1,New Jersey
330,New Jersey,12.5,True,2_Post,1,1,New Jersey
331,New Jersey,12.5,True,2_Post,1,1,New Jersey
332,New Jersey,10.0,True,2_Post,1,1,New Jersey
333,New Jersey,13.5,True,2_Post,1,1,New Jersey
334,New Jersey,16.0,True,2_Post,1,1,New Jersey
335,New Jersey,23.5,True,2_Post,1,1,New Jersey
336,New Jersey,,True,2_Post,1,1,New Jersey
337,New Jersey,34.0,True,2_Post,1,1,New Jersey
338,New Jersey,32.5,True,2_Post,1,1,New Jersey
339,New Jersey,21.5,True,2_Post,1,1,New Jersey
340,New Jersey,20.0,True,2_Post,1,1,New Jersey
341,New Jersey,43.5,True,2_Post,1,1,New Jersey
342,New Jersey,17.5,True,2_Post,1,1,New Jersey
343,New Jersey,7.0,True,2_Post,1,1,New Jersey
344,New Jersey,,True,2_Post,1,1,New Jersey
345,New Jersey,22.0,True,2_Post,1,1,New Jersey
346,New Jersey,22.0,True,2_Post,1,1,New Jersey
347,New Jersey,7.0,True,2_Post,1,1,New Jersey
348,New Jersey,14.0,True,2_Post,1,1,New Jersey
349,New Jersey,27.0,True,2_Post,1,1,New Jersey
350,New Jersey,18.5,True,2_Post,1,1,New Jersey
351,New Jersey,11.5,True,2_Post,1,1,New Jersey
352,New Jersey,16.0,True,2_Post,1,1,New Jersey
353,New Jersey,25.0,True,2_Post,1,1,New Jersey
354,New Jersey,30.5,True,2_Post,1,1,New Jersey
355,New Jersey,11.5,True,2_Post,1,1,New Jersey
356,New Jersey,25.5,True,2_Post,1,1,New Jersey
357,New Jersey,9.5,True,2_Post,1,1,New Jersey
358,New Jersey,11.5,True,2_Post,1,1,New Jersey
359,New Jersey,12.0,True,2_Post,1,1,New Jersey
360,New Jersey,0.0,True,2_Post,1,1,New Jersey
361,New Jersey,17.0,True,2_Post,1,1,New Jersey
362,New Jersey,24.0,True,2_Post,1,1,New Jersey
363,New Jersey,,True,2_Post,1,1,New Jersey
364,New Jersey,,True,2_Post,1,1,New Jersey
365,New Jersey,13.5,True,2_Post,1,1,New Jersey
366,New Jersey,17.0,True,2_Post,1,1,New Jersey
367,New Jersey,28.0,True,2_Post,1,1,New Jersey
368,New Jersey,21.5,True,2_Post,1,1,New Jersey
369,New Jersey,30.0,True,2_Post,1,1,New Jersey
370,New Jersey,19.5,True,2_Post,1,1,New Jersey
371,New Jersey,20.0,True,2_Post,1,1,New Jersey
372,New Jersey,14.5,True,2_Post,1,1,New Jersey
373,New Jersey,14.5,True,2_Post,1,1,New Jersey
374,New Jersey,0.0,True,2_Post,1,1,New Jersey
375,New Jersey,31.5,True,2_Post,1,1,New Jersey
376,New Jersey,11.5,True,2_Post,1,1,New Jersey
377,New Jersey,20.0,True,2_Post,1,1,New Jersey
378,New Jersey,34.0,True,2_Post,1,1,New Jersey
379,New Jersey,25.0,True,2_Post,1,1,New Jersey
380,New Jersey,10.0,True,2_Post,1,1,New Jersey
381,New Jersey,18.0,True,2_Post,1,1,New Jersey
382,New Jersey,25.0,True,2_Post,1,1,New Jersey
383,New Jersey,23.0,True,2_Post,1,1,New Jersey
384,New Jersey,17.5,True,2_Post,1,1,New Jersey
385,New Jersey,23.0,True,2_Post,1,1,New Jersey
386,New Jersey,26.0,True,2_Post,1,1,New Jersey
387,New Jersey,16.5,True,2_Post,1,1,New Jersey
388,New Jersey,35.5,True,2_Post,1,1,New Jersey
389,New Jersey,31.0,True,2_Post,1,1,New Jersey
390,New Jersey,23.0,True,2_Post,1,1,New Jersey
391,New Jersey,22.5,True,2_Post,1,1,New Jersey
392,New Jersey,21.5,True,2_Post,1,1,New Jersey
393,New Jersey,12.0,True,2_Post,1,1,New Jersey
394,New Jersey,20.5,True,2_Post,1,1,New Jersey
395,New Jersey,25.0,True,2_Post,1,1,New Jersey
396,New Jersey,8.5,True,2_Post,1,1,New Jersey
397,New Jersey,13.0,True,2_Post,1,1,New Jersey
398,New Jersey,21.5,True,2_Post,1,1,New Jersey
399,New Jersey,23.0,True,2_Post,1,1,New Jersey
400,New Jersey,25.5,True,2_Post,1,1,New Jersey
401,New Jersey,21.5,True,2_Post,1,1,New Jersey
402,New Jersey,9.5,True,2_Post,1,1,New Jersey
403,New Jersey,36.5,True,2_Post,1,1,New Jersey
404,New Jersey,16.0,True,2_Post,1,1,New Jersey
405,New Jersey,23.75,True,2_Post,1,1,New Jersey
406,New Jersey,17.5,True,2_Post,1,1,New Jersey
407,New Jersey,20.5,True,2_Post,1,1,New Jersey
408,New Jersey,20.5,True,2_Post,1,1,New Jersey
409,New Jersey,25.0,True,2_Post,1,1,New Jersey
